{"id":"52422dad-bd88-11e7-90a6-92915f9dcc1e","name":"Credite advice","key":"credit","description":null,"editorJson":{"id":"52422dad-bd88-11e7-90a6-92915f9dcc1e","modelVersion":"2","name":"Credite advice","key":"credit","description":"","hitIndicator":"FIRST","inputExpressions":[{"id":"1","variableId":"age","variableType":null,"type":"number","label":"Age","entries":[],"newVariable":false,"complexExpression":false},{"id":"3","variableId":"home","variableType":null,"type":"string","label":"Status","entries":["Rented","Mortgaged","Owned"],"newVariable":false,"complexExpression":false}],"outputExpressions":[{"id":"2","variableId":"guidance","variableType":null,"type":"string","label":"Credit Guidance","entries":[],"newVariable":false,"complexExpression":false}],"rules":[{"2":"Young, so need further checks","1_operator":"<","1_expression":25,"3_operator":"==","3_expression":"-"},{"2":"No collateral, so consider viability","1_operator":"==","1_expression":"-","3_operator":"==","3_expression":"Rented"},{"2":"Potentially overstretched debt to consider","1_operator":">","1_expression":60,"3_expression":"Mortgaged","3_operator":"=="},{"2":"No guidance","1_operator":"==","1_expression":"-","3_operator":"==","3_expression":"-"}]}}