{"id":"b74077d9-bd78-11e7-90a6-92915f9dcc1e","name":"Loan Application","key":"loanin","description":"","editorJson":{"name":"Loan Application","key":"loanin","version":0,"fields":[{"fieldType":"FormField","id":"fullname","name":"Fullname:","type":"text","value":null,"required":false,"readOnly":true,"overrideId":false,"placeholder":"","layout":null},{"fieldType":"FormField","id":"loan","name":"Requested loan","type":"integer","value":null,"required":true,"readOnly":false,"overrideId":true,"placeholder":"Loan amount requested...","layout":null},{"fieldType":"OptionFormField","id":"home","name":"Home","type":"radio-buttons","value":"Rented","required":true,"readOnly":false,"overrideId":false,"placeholder":null,"layout":null,"optionType":null,"hasEmptyValue":null,"options":[{"id":null,"name":"Rented"},{"id":null,"name":"Mortgaged"},{"id":null,"name":"Owned"}]},{"fieldType":"FormField","id":"age","name":"Age","type":"integer","value":null,"required":true,"readOnly":false,"overrideId":false,"placeholder":null,"layout":null},{"fieldType":"OptionFormField","id":"nationality","name":"Nationality","type":"dropdown","value":"Please choose one...","required":true,"readOnly":false,"overrideId":false,"placeholder":null,"layout":null,"optionType":null,"hasEmptyValue":true,"options":[{"id":null,"name":"Please choose one..."},{"id":null,"name":"Belgian"},{"id":null,"name":"Dutch"},{"id":null,"name":"French"},{"id":null,"name":"German"},{"id":null,"name":"Italian"},{"id":null,"name":"Spanish"},{"id":null,"name":"UK"},{"id":null,"name":"Other"}]},{"fieldType":"FormField","id":"income","name":"Income","type":"integer","value":null,"required":true,"readOnly":false,"overrideId":false,"placeholder":"Total current income...","layout":null}],"outcomes":[]}}