{"id":"d3ab855b-bd86-11e7-90a6-92915f9dcc1e","name":"Loan review","key":"loanreview","description":"","editorJson":{"name":"Loan review","key":"loanreview","version":0,"fields":[{"fieldType":"FormField","id":"fullname","name":"Fullname","type":"text","value":null,"required":false,"readOnly":true,"overrideId":false,"placeholder":null,"layout":null},{"fieldType":"FormField","id":"loan","name":"Loan","type":"integer","value":null,"required":false,"readOnly":true,"overrideId":false,"placeholder":null,"layout":null},{"fieldType":"FormField","id":"age","name":"Age","type":"integer","value":null,"required":false,"readOnly":true,"overrideId":false,"placeholder":null,"layout":null},{"fieldType":"FormField","id":"nationality","name":"Nationality","type":"text","value":null,"required":false,"readOnly":true,"overrideId":false,"placeholder":null,"layout":null},{"fieldType":"FormField","id":"income","name":"Income","type":"integer","value":null,"required":false,"readOnly":true,"overrideId":false,"placeholder":null,"layout":null},{"fieldType":"FormField","id":"home","name":"Home","type":"text","value":null,"required":false,"readOnly":true,"overrideId":false,"placeholder":null,"layout":null},{"fieldType":"FormField","id":"guidance","name":"Guidance","type":"text","value":null,"required":false,"readOnly":true,"overrideId":false,"placeholder":null,"layout":null}],"outcomes":[{"id":null,"name":"Reject"},{"id":null,"name":"Consider"},{"id":null,"name":"Accept"}]}}