{"id":"54d26788-bd5e-11e7-90a6-92915f9dcc1e","name":"Loan Request","key":"loan","description":"","editorJson":{"modelId":"54d26788-bd5e-11e7-90a6-92915f9dcc1e","bounds":{"lowerRight":{"x":1200,"y":1050},"upperLeft":{"x":0,"y":0}},"properties":{"process_id":"loan","name":"Loan Request","documentation":"","process_author":"","process_version":"","process_namespace":"http://www.flowable.org/processdef","dataproperties":"","executionlisteners":"","eventlisteners":"","signaldefinitions":"","messagedefinitions":"","process_potentialstarteruser":"","process_potentialstartergroup":""},"childShapes":[{"resourceId":"startEvent1","properties":{"overrideid":"","name":"","documentation":"","executionlisteners":"","initiator":"","formkeydefinition":"","formreference":{"id":"8566fa8d-bd93-11e7-90a6-92915f9dcc1e","name":"Get name","key":"name"},"formproperties":""},"stencil":{"id":"StartNoneEvent"},"childShapes":[],"outgoing":[{"resourceId":"sid-966371C5-CCF2-4711-8F8D-A0F09F806C64"}],"bounds":{"lowerRight":{"x":70,"y":213},"upperLeft":{"x":40,"y":183}},"dockers":[]},{"resourceId":"sid-E499C4FD-601A-428B-8A94-53A4702BCA5A","properties":{"overrideid":"","name":"Capture application details","documentation":"","asynchronousdefinition":"false","exclusivedefinition":"false","executionlisteners":"","multiinstance_type":"None","multiinstance_cardinality":"","multiinstance_collection":"","multiinstance_variable":"","multiinstance_condition":"","isforcompensation":"false","usertaskassignment":{"assignment":{"type":"idm","idm":{"type":"initiator"}}},"formkeydefinition":"","formreference":{"id":"b74077d9-bd78-11e7-90a6-92915f9dcc1e","name":"Loan Application","key":"loanin"},"duedatedefinition":"","prioritydefinition":"","formproperties":"","tasklisteners":""},"stencil":{"id":"UserTask"},"childShapes":[],"outgoing":[{"resourceId":"sid-F7DA85F8-2FA7-44FE-BF12-07E6CF04188B"}],"bounds":{"lowerRight":{"x":215,"y":238},"upperLeft":{"x":115,"y":158}},"dockers":[]},{"resourceId":"sid-966371C5-CCF2-4711-8F8D-A0F09F806C64","properties":{"overrideid":"","name":"","documentation":"","conditionsequenceflow":"","executionlisteners":"","defaultflow":"false"},"stencil":{"id":"SequenceFlow"},"childShapes":[],"outgoing":[{"resourceId":"sid-E499C4FD-601A-428B-8A94-53A4702BCA5A"}],"bounds":{"lowerRight":{"x":114.15625,"y":198},"upperLeft":{"x":70.609375,"y":198}},"dockers":[{"x":15,"y":15},{"x":50,"y":40}],"target":{"resourceId":"sid-E499C4FD-601A-428B-8A94-53A4702BCA5A"}},{"resourceId":"sid-F7DA85F8-2FA7-44FE-BF12-07E6CF04188B","properties":{"overrideid":"","name":"","documentation":"","conditionsequenceflow":"","executionlisteners":"","defaultflow":"false"},"stencil":{"id":"SequenceFlow"},"childShapes":[],"outgoing":[{"resourceId":"sid-2DE79A5D-66B8-45A1-A2A2-906925F63E90"}],"bounds":{"lowerRight":{"x":259.15625,"y":198},"upperLeft":{"x":215.84375,"y":198}},"dockers":[{"x":50,"y":40},{"x":50,"y":40}],"target":{"resourceId":"sid-2DE79A5D-66B8-45A1-A2A2-906925F63E90"}},{"resourceId":"sid-9C9AE870-0DA8-4D3A-8F71-E93EC9AB70BD","properties":{"overrideid":"","name":"Loan Review","documentation":"","asynchronousdefinition":"false","exclusivedefinition":"false","executionlisteners":"","multiinstance_type":"None","multiinstance_cardinality":"","multiinstance_collection":"","multiinstance_variable":"","multiinstance_condition":"","isforcompensation":"false","usertaskassignment":{"assignment":{"type":"idm","idm":{"type":"initiator"}}},"formkeydefinition":"","formreference":{"id":"d3ab855b-bd86-11e7-90a6-92915f9dcc1e","name":"Loan review","key":"loanreview"},"duedatedefinition":"","prioritydefinition":"","formproperties":"","tasklisteners":""},"stencil":{"id":"UserTask"},"childShapes":[],"outgoing":[{"resourceId":"sid-2E640A0B-D82B-45A8-8BCC-B2E70F07E46F"}],"bounds":{"lowerRight":{"x":505,"y":238},"upperLeft":{"x":405,"y":158}},"dockers":[]},{"resourceId":"sid-1008F0B8-53E4-42FA-85C1-00264671FA13","properties":{"overrideid":"","name":"","documentation":"","conditionsequenceflow":"","executionlisteners":"","defaultflow":"false"},"stencil":{"id":"SequenceFlow"},"childShapes":[],"outgoing":[{"resourceId":"sid-9C9AE870-0DA8-4D3A-8F71-E93EC9AB70BD"}],"bounds":{"lowerRight":{"x":404.15625,"y":198},"upperLeft":{"x":360.84375,"y":198}},"dockers":[{"x":50,"y":40},{"x":50,"y":40}],"target":{"resourceId":"sid-9C9AE870-0DA8-4D3A-8F71-E93EC9AB70BD"}},{"resourceId":"sid-0D7A96A9-DF66-401C-9086-CDBE8A8E32BB","properties":{"overrideid":"","name":"","documentation":"","asynchronousdefinition":"false","exclusivedefinition":"false","sequencefloworder":""},"stencil":{"id":"ExclusiveGateway"},"childShapes":[],"outgoing":[{"resourceId":"sid-60C38402-D299-4107-8029-1F52BC3099F0"},{"resourceId":"sid-410F9B72-3AEA-4BB0-9F4C-B749488FE835"},{"resourceId":"sid-114F299D-8AE9-457D-9C12-6DE8FEFA7099"}],"bounds":{"lowerRight":{"x":590,"y":218},"upperLeft":{"x":550,"y":178}},"dockers":[]},{"resourceId":"sid-2E640A0B-D82B-45A8-8BCC-B2E70F07E46F","properties":{"overrideid":"","name":"","documentation":"","conditionsequenceflow":"","executionlisteners":"","defaultflow":"false"},"stencil":{"id":"SequenceFlow"},"childShapes":[],"outgoing":[{"resourceId":"sid-0D7A96A9-DF66-401C-9086-CDBE8A8E32BB"}],"bounds":{"lowerRight":{"x":549.6484468700075,"y":198.4097335362338},"upperLeft":{"x":505.62889687999245,"y":198.2191727137662}},"dockers":[{"x":50,"y":40},{"x":20.5,"y":20.5}],"target":{"resourceId":"sid-0D7A96A9-DF66-401C-9086-CDBE8A8E32BB"}},{"resourceId":"sid-E2AD03B5-E29D-4118-851B-3FEB4A2DF9AD","properties":{"overrideid":"","name":"Advanced Loan Review","documentation":"","asynchronousdefinition":"false","exclusivedefinition":"false","executionlisteners":"","multiinstance_type":"None","multiinstance_cardinality":"","multiinstance_collection":"","multiinstance_variable":"","multiinstance_condition":"","isforcompensation":"false","usertaskassignment":{"assignment":{"type":"idm","idm":{"type":"initiator"}}},"formkeydefinition":"","formreference":{"id":"af30bcf1-bd8b-11e7-90a6-92915f9dcc1e","name":"Advanced review","key":"advreview"},"duedatedefinition":"","prioritydefinition":"","formproperties":"","tasklisteners":""},"stencil":{"id":"UserTask"},"childShapes":[],"outgoing":[{"resourceId":"sid-49699BF8-3761-4BFC-BEAD-8FD13225481F"}],"bounds":{"lowerRight":{"x":745,"y":238},"upperLeft":{"x":645,"y":158}},"dockers":[]},{"resourceId":"sid-786BC734-A9A0-419D-87AD-DF3EAA269671","properties":{"overrideid":"","name":"Inform Acceptance","documentation":"","asynchronousdefinition":"false","exclusivedefinition":"false","executionlisteners":"","multiinstance_type":"None","multiinstance_cardinality":"","multiinstance_collection":"","multiinstance_variable":"","multiinstance_condition":"","isforcompensation":"false","usertaskassignment":{"assignment":{"type":"idm","idm":{"type":"initiator"}}},"formkeydefinition":"","formreference":"","duedatedefinition":"","prioritydefinition":"","formproperties":"","tasklisteners":""},"stencil":{"id":"UserTask"},"childShapes":[],"outgoing":[{"resourceId":"sid-7CB955DC-9C32-4B4C-BEA5-645629BD108F"}],"bounds":{"lowerRight":{"x":855,"y":335},"upperLeft":{"x":755,"y":255}},"dockers":[]},{"resourceId":"sid-8197ACA7-AF91-42B2-AD61-38AC56434D4D","properties":{"overrideid":"","name":"Inform Rejection","documentation":"","asynchronousdefinition":"false","exclusivedefinition":"false","executionlisteners":"","multiinstance_type":"None","multiinstance_cardinality":"","multiinstance_collection":"","multiinstance_variable":"","multiinstance_condition":"","isforcompensation":"false","usertaskassignment":{"assignment":{"type":"idm","idm":{"type":"initiator"}}},"formkeydefinition":"","formreference":"","duedatedefinition":"","prioritydefinition":"","formproperties":"","tasklisteners":""},"stencil":{"id":"UserTask"},"childShapes":[],"outgoing":[{"resourceId":"sid-A6343F4C-9235-4C84-9F8E-65E775ED73EE"}],"bounds":{"lowerRight":{"x":855,"y":145},"upperLeft":{"x":755,"y":65}},"dockers":[]},{"resourceId":"sid-8670129B-EBAC-4B60-A335-36F93DB70138","properties":{"overrideid":"","name":"","documentation":"","asynchronousdefinition":"false","exclusivedefinition":"false","sequencefloworder":""},"stencil":{"id":"ExclusiveGateway"},"childShapes":[],"outgoing":[{"resourceId":"sid-FEFCC3DC-BDE1-44D0-B41C-EA10F0F3C858"},{"resourceId":"sid-CFAB6DD6-EAA0-4F48-9930-8010328F07B4"}],"bounds":{"lowerRight":{"x":825,"y":218},"upperLeft":{"x":785,"y":178}},"dockers":[]},{"resourceId":"sid-49699BF8-3761-4BFC-BEAD-8FD13225481F","properties":{"overrideid":"","name":"","documentation":"","conditionsequenceflow":"","executionlisteners":"","defaultflow":"false"},"stencil":{"id":"SequenceFlow"},"childShapes":[],"outgoing":[{"resourceId":"sid-8670129B-EBAC-4B60-A335-36F93DB70138"}],"bounds":{"lowerRight":{"x":784.6445414871434,"y":198.40563140944408},"upperLeft":{"x":745.2070210128566,"y":198.22718109055592}},"dockers":[{"x":50,"y":40},{"x":20.5,"y":20.5}],"target":{"resourceId":"sid-8670129B-EBAC-4B60-A335-36F93DB70138"}},{"resourceId":"sid-F3E3FE06-D696-47AB-864B-8B31B230542C","properties":{"overrideid":"","name":"","documentation":"","asynchronousdefinition":"false","exclusivedefinition":"false","sequencefloworder":""},"stencil":{"id":"ExclusiveGateway"},"childShapes":[],"outgoing":[{"resourceId":"sid-73D814EE-CA76-4353-8B78-8656C2766F34"}],"bounds":{"lowerRight":{"x":955,"y":218},"upperLeft":{"x":915,"y":178}},"dockers":[]},{"resourceId":"sid-CC27E554-CFAE-4146-A34B-E30FD4687102","properties":{"overrideid":"","name":"","documentation":"","executionlisteners":""},"stencil":{"id":"EndNoneEvent"},"childShapes":[],"outgoing":[],"bounds":{"lowerRight":{"x":1018,"y":212},"upperLeft":{"x":990,"y":184}},"dockers":[]},{"resourceId":"sid-73D814EE-CA76-4353-8B78-8656C2766F34","properties":{"overrideid":"","name":"","documentation":"","conditionsequenceflow":"","executionlisteners":"","defaultflow":"false"},"stencil":{"id":"SequenceFlow"},"childShapes":[],"outgoing":[{"resourceId":"sid-CC27E554-CFAE-4146-A34B-E30FD4687102"}],"bounds":{"lowerRight":{"x":989.0859641386073,"y":198.3520759243694},"upperLeft":{"x":955.7655983613927,"y":198.1088615756306}},"dockers":[{"x":20.5,"y":20.5},{"x":14,"y":14}],"target":{"resourceId":"sid-CC27E554-CFAE-4146-A34B-E30FD4687102"}},{"resourceId":"sid-7CB955DC-9C32-4B4C-BEA5-645629BD108F","properties":{"overrideid":"","name":"","documentation":"","conditionsequenceflow":"","executionlisteners":"","defaultflow":"false","showdiamondmarker":false},"stencil":{"id":"SequenceFlow"},"childShapes":[],"outgoing":[{"resourceId":"sid-F3E3FE06-D696-47AB-864B-8B31B230542C"}],"bounds":{"lowerRight":{"x":935,"y":295},"upperLeft":{"x":855.6328125,"y":217.9453125}},"dockers":[{"x":99,"y":40},{"x":935,"y":295},{"x":20,"y":20}],"target":{"resourceId":"sid-F3E3FE06-D696-47AB-864B-8B31B230542C"}},{"resourceId":"sid-2DE79A5D-66B8-45A1-A2A2-906925F63E90","properties":{"overrideid":"","name":"Credit advice","documentation":"","asynchronousdefinition":"false","exclusivedefinition":"false","executionlisteners":"","multiinstance_type":"None","multiinstance_cardinality":"","multiinstance_collection":"","multiinstance_variable":"","multiinstance_condition":"","isforcompensation":"false","decisiontaskdecisiontablereference":{"id":"52422dad-bd88-11e7-90a6-92915f9dcc1e","name":"Credite advice","key":"credit"},"type":"http://b3mn.org/stencilset/bpmn2.0#UserTask","usertaskassignment":"","formkeydefinition":"","formreference":"","duedatedefinition":"","prioritydefinition":"","formproperties":"","tasklisteners":"","servicetaskclass":"","servicetaskexpression":"","servicetaskdelegateexpression":"","servicetaskfields":"","servicetaskresultvariable":"","httptaskrequestmethod":"","httptaskrequesturl":"","httptaskrequestheaders":"","httptaskrequestbody":"","httptaskrequesttimeout":"","httptaskdisallowredirects":"","httptaskfailstatuscodes":"","httptaskhandlestatuscodes":"","httptaskignoreexception":"","httptaskresponsevariablename":"","httptasksaverequestvariables":"","httptasksaveresponseparameters":"","httptaskresultvariableprefix":""},"stencil":{"id":"DecisionTask"},"childShapes":[],"outgoing":[{"resourceId":"sid-1008F0B8-53E4-42FA-85C1-00264671FA13"}],"bounds":{"lowerRight":{"x":360,"y":238},"upperLeft":{"x":260,"y":158}},"dockers":[]},{"resourceId":"sid-410F9B72-3AEA-4BB0-9F4C-B749488FE835","properties":{"overrideid":"","name":"Accept","documentation":"","conditionsequenceflow":{"expression":{"type":"static","staticValue":"${form_loanreview_outcome == \"Accept\"}"}},"executionlisteners":"","defaultflow":"false"},"stencil":{"id":"SequenceFlow"},"childShapes":[],"outgoing":[{"resourceId":"sid-786BC734-A9A0-419D-87AD-DF3EAA269671"}],"bounds":{"lowerRight":{"x":754.53515625,"y":295},"upperLeft":{"x":570.5,"y":218.34765625}},"dockers":[{"x":20.5,"y":20.5},{"x":570.5,"y":295},{"x":50,"y":40}],"target":{"resourceId":"sid-786BC734-A9A0-419D-87AD-DF3EAA269671"}},{"resourceId":"sid-60C38402-D299-4107-8029-1F52BC3099F0","properties":{"overrideid":"","name":"May be","documentation":"","conditionsequenceflow":{"expression":{"type":"static","staticValue":"${form_loanreview_outcome == \"Consider\"}"}},"executionlisteners":"","defaultflow":"false"},"stencil":{"id":"SequenceFlow"},"childShapes":[],"outgoing":[{"resourceId":"sid-E2AD03B5-E29D-4118-851B-3FEB4A2DF9AD"}],"bounds":{"lowerRight":{"x":644.3945393142885,"y":198.42176521812968},"upperLeft":{"x":589.9804606857115,"y":198.20323478187032}},"dockers":[{"x":20.5,"y":20.5},{"x":50,"y":40}],"target":{"resourceId":"sid-E2AD03B5-E29D-4118-851B-3FEB4A2DF9AD"}},{"resourceId":"sid-114F299D-8AE9-457D-9C12-6DE8FEFA7099","properties":{"overrideid":"","name":"Reject","documentation":"","conditionsequenceflow":{"expression":{"type":"static","staticValue":"${form_loanreview_outcome == \"Reject\"}"}},"executionlisteners":"","defaultflow":"false"},"stencil":{"id":"SequenceFlow"},"childShapes":[],"outgoing":[{"resourceId":"sid-8197ACA7-AF91-42B2-AD61-38AC56434D4D"}],"bounds":{"lowerRight":{"x":754.53515625,"y":177.046875},"upperLeft":{"x":570.5,"y":105}},"dockers":[{"x":20.5,"y":20.5},{"x":570.5,"y":105},{"x":50,"y":40}],"target":{"resourceId":"sid-8197ACA7-AF91-42B2-AD61-38AC56434D4D"}},{"resourceId":"sid-FEFCC3DC-BDE1-44D0-B41C-EA10F0F3C858","properties":{"overrideid":"","name":"No","documentation":"","conditionsequenceflow":{"expression":{"type":"static","staticValue":"${form_advreview_outcome == \"Reject\"}"}},"executionlisteners":"","defaultflow":"false"},"stencil":{"id":"SequenceFlow"},"childShapes":[],"outgoing":[{"resourceId":"sid-8197ACA7-AF91-42B2-AD61-38AC56434D4D"}],"bounds":{"lowerRight":{"x":805.3891837328774,"y":177.7773580480719},"upperLeft":{"x":805.2162850171226,"y":145.4452982019281}},"dockers":[{"x":20.5,"y":20.5},{"x":50,"y":40}],"target":{"resourceId":"sid-8197ACA7-AF91-42B2-AD61-38AC56434D4D"}},{"resourceId":"sid-CFAB6DD6-EAA0-4F48-9930-8010328F07B4","properties":{"overrideid":"","name":"Yes","documentation":"","conditionsequenceflow":{"expression":{"type":"static","staticValue":"${form_advreview_outcome == \"Accept\"}"}},"executionlisteners":"","defaultflow":"false"},"stencil":{"id":"SequenceFlow"},"childShapes":[],"outgoing":[{"resourceId":"sid-786BC734-A9A0-419D-87AD-DF3EAA269671"}],"bounds":{"lowerRight":{"x":805.3971624723985,"y":254.7968884229089},"upperLeft":{"x":805.2083062776015,"y":218.3476428270911}},"dockers":[{"x":20.5,"y":20.5},{"x":50,"y":40}],"target":{"resourceId":"sid-786BC734-A9A0-419D-87AD-DF3EAA269671"}},{"resourceId":"sid-A6343F4C-9235-4C84-9F8E-65E775ED73EE","properties":{"overrideid":"","name":"","documentation":"","conditionsequenceflow":"","executionlisteners":"","defaultflow":"false"},"stencil":{"id":"SequenceFlow"},"childShapes":[],"outgoing":[{"resourceId":"sid-F3E3FE06-D696-47AB-864B-8B31B230542C"}],"bounds":{"lowerRight":{"x":935.5,"y":177.046875},"upperLeft":{"x":855.95703125,"y":105}},"dockers":[{"x":50,"y":40},{"x":935.5,"y":105},{"x":20.5,"y":20.5}],"target":{"resourceId":"sid-F3E3FE06-D696-47AB-864B-8B31B230542C"}}],"stencil":{"id":"BPMNDiagram"},"stencilset":{"namespace":"http://b3mn.org/stencilset/bpmn2.0#","url":"../editor/stencilsets/bpmn2.0/bpmn2.0.json"}}}